{"loss": 1.0865236520767212, "epoch": 49, "step": 680, "index": 34050, "_runtime": 17657, "_timestamp": 1633661903, "_step": 37499, "val_loss": 0.8499890565872192, "_wandb": {"runtime": 17660}}