{"loss": 0.7371580600738525, "epoch": 49, "step": 168, "index": 33537, "_runtime": 17430, "_timestamp": 1633661676, "_step": 36935, "val_loss": 0.8504624962806702}