{"loss": 0.23503726720809937, "epoch": 19, "step": 1328, "index": 26579, "_runtime": 13443, "_timestamp": 1635935892, "_step": 29239, "val_loss": 1.2071115970611572, "_wandb": {"runtime": 13445}}