{"loss": 1.1393482685089111, "epoch": 0, "step": 44, "index": 44, "_runtime": 80, "_timestamp": 1635922422, "_step": 49, "val_loss": 1.1450414657592773}