{"loss": 0.014372226782143116, "epoch": 99, "step": 340, "index": 34100, "_runtime": 19972, "_timestamp": 1633084398, "_step": 37599, "val_loss": 1.342517614364624, "_wandb": {"runtime": 19974}}