{"loss": 0.13658267259597778, "epoch": 5, "step": 383, "index": 15333, "_runtime": 16106, "_timestamp": 1632957829, "_step": 16103, "val_loss": 1.7224448919296265}