{"loss": 0.9510937333106995, "epoch": 18, "step": 748, "index": 25264, "_runtime": 3850, "_timestamp": 1633035551, "_step": 25524, "val_loss": 0.9027801156044006}