{"loss": 1.2378913164138794, "epoch": 0, "step": 875, "index": 875, "_runtime": 468, "_timestamp": 1634785193, "_step": 963, "val_loss": 0.8179906606674194}