{"loss": 0.11013399064540863, "epoch": 9, "step": 1328, "index": 13289, "_runtime": 19429, "_timestamp": 1634817234, "_step": 14619, "val_loss": 1.4128235578536987, "_wandb": {"runtime": 19437}}