{"loss": 1.1136507987976074, "epoch": 0, "step": 26, "index": 26, "_runtime": 88, "_timestamp": 1634797893, "_step": 29, "val_loss": 1.107205867767334}