{"loss": 0.40763774514198303, "epoch": 80, "step": 605, "index": 55085, "_runtime": 26569, "_timestamp": 1633242742, "_step": 60666, "val_loss": 1.0649564266204834, "_wandb": {"runtime": 26571}}