{"loss": 0.00014346586249303073, "epoch": 19, "step": 2723, "index": 54479, "_runtime": 23587, "_timestamp": 1632991941, "_step": 55039, "val_loss": 2.9223880767822266, "_wandb": {"runtime": 23589}}