{"loss": 0.6517183184623718, "epoch": 7, "step": 363, "index": 9666, "_runtime": 4524, "_timestamp": 1634795192, "_step": 10634, "val_loss": 1.0358469486236572, "_wandb": {"runtime": 4525}}