{"loss": 0.7855072617530823, "epoch": 32, "step": 180, "index": 21973, "_runtime": 14049, "_timestamp": 1633216123, "_step": 24199, "val_loss": 1.2884480953216553}