{"loss": 0.34765875339508057, "epoch": 6, "step": 1038, "index": 9012, "_runtime": 4216, "_timestamp": 1634790642, "_step": 9914, "val_loss": 0.7790106534957886}