{"loss": 0.825980544090271, "epoch": 0, "step": 650, "index": 650, "_runtime": 973, "_timestamp": 1634786253, "_step": 715, "val_loss": 0.9152076840400696}