{"loss": 0.678536593914032, "epoch": 9, "step": 1328, "index": 13289, "_runtime": 15872, "_timestamp": 1634852119, "_step": 14619, "val_loss": 0.8188108801841736, "_wandb": {"runtime": 15879}}