{"loss": 1.0462207794189453, "epoch": 0, "step": 28, "index": 28, "_runtime": 56, "_timestamp": 1633202017, "_step": 31, "val_loss": 1.0827518701553345, "_wandb": {"runtime": 58}}