{"loss": 0.5772292017936707, "epoch": 31, "step": 220, "index": 41419, "_runtime": 179138, "_timestamp": 1634689760, "_step": 45564, "val_loss": 0.9499499797821045, "_wandb": {"runtime": 179140}}