{"loss": 1.0551854372024536, "epoch": 29, "step": 680, "index": 20430, "_runtime": 177234, "_timestamp": 1633900084, "_step": 22499, "val_loss": 0.843167781829834, "_wandb": {"runtime": 177236}}