{"loss": 0.9734840393066406, "epoch": 4, "step": 1026, "index": 6342, "_runtime": 8813, "_timestamp": 1635921758, "_step": 6977, "val_loss": 0.8594810962677002, "_wandb": {"runtime": 8814}}