{"loss": 0.24709753692150116, "epoch": 5, "step": 2877, "index": 17827, "_runtime": 1266, "_timestamp": 1632964925, "_step": 18006, "val_loss": 1.1011831760406494, "_wandb": {"runtime": 1267}}