{"loss": 1.300481915473938, "epoch": 2, "step": 990, "index": 3648, "_runtime": 1738, "_timestamp": 1634784666, "_step": 4013, "val_loss": 0.8036347031593323, "_wandb": {"runtime": 1740}}